{
  "type": "create:compacting",
  "ingredients": [
    {
      "item": "minecraft:cobblestone"
    },
    {
      "item": "minecraft:cobblestone"
    },
    {
      "item": "minecraft:cobblestone"
    },
    {
      "item": "minecraft:cobblestone"
    },
    {
      "item": "minecraft:cobblestone"
    },
    {
      "item": "minecraft:cobblestone"
    },
    {
      "item": "minecraft:cobblestone"
    },
    {
      "item": "minecraft:cobblestone"
    },
    {
      "item": "minecraft:cobblestone"
    },
    {
      "item": "minecraft:cobblestone"
    },
    {
      "item": "minecraft:cobblestone"
    },
    {
      "item": "minecraft:cobblestone"
    },
    {
      "item": "minecraft:cobblestone"
    },
    {
      "item": "minecraft:cobblestone"
    },
    {
      "item": "minecraft:cobblestone"
    },
    {
      "item": "minecraft:cobblestone"
    },
    {
      "fluid": "minecraft:water",
      "nbt": {},
      "amount": 50
    }
  ],
  "results": [
    {
      "item": "minecraft:tuff"
    }
  ]
}